n,B_n
1,0.000000000000
2,0.693147180560
3,1.098612288668
4,0.693147180560
5,1.609437912434
6,0.000000000000
7,1.945910149055
8,0.693147180560
9,1.098612288668
10,0.000000000000
11,2.397895272798
12,0.000000000000
13,2.564949357462
14,0.000000000000
15,0.000000000000
16,0.693147180560
17,2.833213344056
18,0.000000000000
19,2.944438979166
20,-0.000000000000
21,0.000000000000
22,0.000000000000
23,3.135494215929
24,0.000000000000
25,1.609437912434
26,0.000000000000
27,1.098612288668
28,0.000000000000
29,3.367295829986
30,0.000000000000
31,3.433987204485
32,0.693147180560
33,-0.000000000000
34,0.000000000000
35,0.000000000000
36,0.000000000000
37,3.610917912644
38,0.000000000000
39,0.000000000000
40,0.000000000000
41,3.713572066704
42,0.000000000000
43,3.761200115694
44,-0.000000000000
45,0.000000000000
46,0.000000000000
47,3.850147601710
48,0.000000000000
49,1.945910149055
50,-0.000000000000
51,-0.000000000000
52,0.000000000000
53,3.970291913552
54,0.000000000000
55,0.000000000000
56,0.000000000000
57,0.000000000000
58,0.000000000000
59,4.077537443906
60,-0.000000000000
61,4.110873864173
62,0.000000000000
63,0.000000000000
64,0.693147180560
65,0.000000000000
66,0.000000000000
67,4.204692619391
68,0.000000000000
69,0.000000000000
70,0.000000000000
71,4.262679877041
72,-0.000000000000
73,4.290459441148
74,0.000000000000
75,0.000000000000
76,0.000000000000
77,0.000000000000
78,0.000000000000
79,4.369447852467
80,0.000000000000
81,1.098612288668
82,0.000000000000
83,4.418840607797
84,0.000000000000
85,0.000000000000
86,0.000000000000
87,0.000000000000
88,0.000000000000
89,4.488636369732
90,0.000000000000
91,0.000000000000
92,0.000000000000
93,0.000000000000
94,0.000000000000
95,0.000000000000
96,0.000000000000
97,4.574710978503
98,0.000000000000
99,-0.000000000000
100,0.000000000000
101,4.615120516841
102,-0.000000000000
103,4.634728988230
104,0.000000000000
105,0.000000000000
106,0.000000000000
107,4.672828834462
108,0.000000000000
109,4.691347882229
110,0.000000000000
111,0.000000000000
112,-0.000000000000
113,4.727387818712
114,0.000000000000
115,0.000000000000
116,0.000000000000
117,0.000000000000
118,0.000000000000
119,0.000000000000
120,0.000000000000
121,2.397895272798
122,0.000000000000
123,-0.000000000000
124,0.000000000000
125,1.609437912434
126,-0.000000000000
127,4.844187086459
128,0.693147180560
129,0.000000000000
130,-0.000000000000
131,4.875197323201
132,0.000000000000
133,0.000000000000
134,0.000000000000
135,0.000000000000
136,0.000000000000
137,4.919980925828
138,0.000000000000
139,4.934473933131
140,-0.000000000000
141,0.000000000000
142,0.000000000000
143,0.000000000000
144,0.000000000000
145,0.000000000000
146,0.000000000000
147,0.000000000000
148,-0.000000000000
149,5.003946305945
150,0.000000000000
151,5.017279836815
152,0.000000000000
153,0.000000000000
154,0.000000000000
155,0.000000000000
156,-0.000000000000
157,5.056245805348
158,0.000000000000
159,0.000000000000
160,0.000000000000
161,0.000000000000
162,-0.000000000000
163,5.093750200807
164,0.000000000000
165,-0.000000000000
166,0.000000000000
167,5.117993812417
168,-0.000000000000
169,2.564949357462
170,0.000000000000
171,0.000000000000
172,0.000000000000
173,5.153291594498
174,0.000000000000
175,0.000000000000
176,-0.000000000000
177,-0.000000000000
178,0.000000000000
179,5.187385805841
180,0.000000000000
181,5.198497031266
182,0.000000000000
183,0.000000000000
184,0.000000000000
185,0.000000000000
186,0.000000000000
187,0.000000000000
188,0.000000000000
189,0.000000000000
190,0.000000000000
191,5.252273428047
192,0.000000000000
193,5.262690188905
194,0.000000000000
195,0.000000000000
196,-0.000000000000
197,5.283203728738
198,0.000000000000
199,5.293304824724
200,-0.000000000000
201,0.000000000000
202,0.000000000000
203,0.000000000000
204,0.000000000000
205,0.000000000000
206,0.000000000000
207,-0.000000000000
208,0.000000000000
209,0.000000000000
210,-0.000000000000
211,5.351858133476
212,0.000000000000
213,0.000000000000
214,0.000000000000
215,0.000000000000
216,0.000000000000
217,0.000000000000
218,0.000000000000
219,0.000000000000
220,0.000000000000
221,-0.000000000000
222,-0.000000000000
223,5.407171771460
224,0.000000000000
225,0.000000000000
226,0.000000000000
227,5.424950017481
228,0.000000000000
229,5.433722003554
230,0.000000000000
231,0.000000000000
232,0.000000000000
233,5.451038453566
234,0.000000000000
235,0.000000000000
236,0.000000000000
237,0.000000000000
238,0.000000000000
239,5.476463551932
240,0.000000000000
241,5.484796933491
242,0.000000000000
243,1.098612288668
244,0.000000000000
245,0.000000000000
246,0.000000000000
247,0.000000000000
248,0.000000000000
249,-0.000000000000
250,-0.000000000000
251,5.525452939132
252,0.000000000000
253,0.000000000000
254,0.000000000000
255,0.000000000000
256,0.693147180560
257,5.549076084895
258,0.000000000000
259,0.000000000000
260,0.000000000000
261,0.000000000000
262,0.000000000000
263,5.572154032178
264,0.000000000000
265,0.000000000000
266,0.000000000000
267,0.000000000000
268,0.000000000000
269,5.594711379602
270,0.000000000000
271,5.602118820880
272,0.000000000000
273,0.000000000000
274,0.000000000000
275,0.000000000000
276,-0.000000000000
277,5.624017506187
278,0.000000000000
279,0.000000000000
280,-0.000000000000
281,5.638354669334
282,0.000000000000
283,5.645446897643
284,0.000000000000
285,0.000000000000
286,0.000000000000
287,0.000000000000
288,0.000000000000
289,2.833213344056
290,0.000000000000
291,0.000000000000
292,0.000000000000
293,5.680172609017
294,-0.000000000000
295,0.000000000000
296,0.000000000000
297,0.000000000000
298,0.000000000000
299,0.000000000000
300,-0.000000000000
301,0.000000000000
302,0.000000000000
303,-0.000000000000
304,0.000000000000
305,0.000000000000
306,0.000000000000
307,5.726847747587
308,-0.000000000000
309,0.000000000000
310,0.000000000000
311,5.739792912179
312,0.000000000000
313,5.746203190540
314,0.000000000000
315,0.000000000000
316,0.000000000000
317,5.758901773877
318,0.000000000000
319,-0.000000000000
320,0.000000000000
321,0.000000000000
322,0.000000000000
323,0.000000000000
324,0.000000000000
325,0.000000000000
326,0.000000000000
327,0.000000000000
328,0.000000000000
329,0.000000000000
330,0.000000000000
331,5.802118375377
332,-0.000000000000
333,0.000000000000
334,0.000000000000
335,0.000000000000
336,0.000000000000
337,5.820082930352
338,0.000000000000
339,-0.000000000000
340,0.000000000000
341,0.000000000000
342,-0.000000000000
343,1.945910149055
344,0.000000000000
345,0.000000000000
346,0.000000000000
347,5.849324779947
348,0.000000000000
349,5.855071922202
350,-0.000000000000
351,0.000000000000
352,0.000000000000
353,5.866468056933
354,0.000000000000
355,0.000000000000
356,0.000000000000
357,-0.000000000000
358,0.000000000000
359,5.883322388488
360,0.000000000000
361,2.944438979166
362,0.000000000000
363,0.000000000000
364,0.000000000000
365,0.000000000000
366,-0.000000000000
367,5.905361848055
368,0.000000000000
369,0.000000000000
370,-0.000000000000
371,0.000000000000
372,-0.000000000000
373,5.921578419644
374,0.000000000000
375,-0.000000000000
376,0.000000000000
377,0.000000000000
378,0.000000000000
379,5.937536205082
380,0.000000000000
381,0.000000000000
382,0.000000000000
383,5.948034989181
384,0.000000000000
385,0.000000000000
386,0.000000000000
387,0.000000000000
388,0.000000000000
389,5.963579343618
390,0.000000000000
391,0.000000000000
392,-0.000000000000
393,0.000000000000
394,0.000000000000
395,0.000000000000
396,0.000000000000
397,5.983936280687
398,0.000000000000
399,0.000000000000
400,0.000000000000
401,5.993961427307
402,0.000000000000
403,-0.000000000000
404,0.000000000000
405,-0.000000000000
406,0.000000000000
407,0.000000000000
408,-0.000000000000
409,6.013715156043
410,0.000000000000
411,-0.000000000000
412,0.000000000000
413,0.000000000000
414,0.000000000000
415,-0.000000000000
416,0.000000000000
417,0.000000000000
418,0.000000000000
419,6.037870919922
420,0.000000000000
421,6.042632833682
422,0.000000000000
423,0.000000000000
424,0.000000000000
425,0.000000000000
426,0.000000000000
427,0.000000000000
428,0.000000000000
429,-0.000000000000
430,-0.000000000000
431,6.066108090104
432,0.000000000000
433,6.070737728002
434,0.000000000000
435,0.000000000000
436,0.000000000000
437,0.000000000000
438,0.000000000000
439,6.084499413075
440,-0.000000000000
441,0.000000000000
442,0.000000000000
443,6.093569770045
444,0.000000000000
445,0.000000000000
446,0.000000000000
447,0.000000000000
448,0.000000000000
449,6.107022887742
450,0.000000000000
451,0.000000000000
452,0.000000000000
453,0.000000000000
454,0.000000000000
455,0.000000000000
456,0.000000000000
457,6.124683390894
458,0.000000000000
459,0.000000000000
460,0.000000000000
461,6.133398042997
462,0.000000000000
463,6.137727054086
464,0.000000000000
465,0.000000000000
466,0.000000000000
467,6.146329257669
468,0.000000000000
469,0.000000000000
470,0.000000000000
471,0.000000000000
472,0.000000000000
473,0.000000000000
474,0.000000000000
475,0.000000000000
476,0.000000000000
477,0.000000000000
478,0.000000000000
479,6.171700597411
480,0.000000000000
481,0.000000000000
482,0.000000000000
483,0.000000000000
484,0.000000000000
485,0.000000000000
486,0.000000000000
487,6.188264123083
488,0.000000000000
489,0.000000000000
490,-0.000000000000
491,6.196444127795
492,0.000000000000
493,0.000000000000
494,0.000000000000
495,0.000000000000
496,0.000000000000
497,0.000000000000
498,0.000000000000
499,6.212606095752
500,-0.000000000000
501,-0.000000000000
502,0.000000000000
503,6.220590170100
504,0.000000000000
505,0.000000000000
506,0.000000000000
507,0.000000000000
508,0.000000000000
509,6.232448016551
510,0.000000000000
511,0.000000000000
512,0.693147180560
513,0.000000000000
514,0.000000000000
515,0.000000000000
516,0.000000000000
517,0.000000000000
518,-0.000000000000
519,-0.000000000000
520,0.000000000000
521,6.255750041753
522,0.000000000000
523,6.259581464065
524,0.000000000000
525,-0.000000000000
526,0.000000000000
527,0.000000000000
528,0.000000000000
529,3.135494215929
530,0.000000000000
531,0.000000000000
532,0.000000000000
533,-0.000000000000
534,0.000000000000
535,0.000000000000
536,0.000000000000
537,0.000000000000
538,0.000000000000
539,0.000000000000
540,0.000000000000
541,6.293419278846
542,0.000000000000
543,-0.000000000000
544,-0.000000000000
545,0.000000000000
546,0.000000000000
547,6.304448802422
548,0.000000000000
549,0.000000000000
550,-0.000000000000
551,0.000000000000
552,0.000000000000
553,0.000000000000
554,0.000000000000
555,0.000000000000
556,0.000000000000
557,6.322565239927
558,0.000000000000
559,0.000000000000
560,0.000000000000
561,-0.000000000000
562,0.000000000000
563,6.333279628140
564,0.000000000000
565,0.000000000000
566,0.000000000000
567,-0.000000000000
568,0.000000000000
569,6.343880434126
570,-0.000000000000
571,6.347389209656
572,0.000000000000
573,0.000000000000
574,0.000000000000
575,0.000000000000
576,0.000000000000
577,6.357842266508
578,0.000000000000
579,0.000000000000
580,0.000000000000
581,-0.000000000000
582,0.000000000000
583,-0.000000000000
584,0.000000000000
585,0.000000000000
586,-0.000000000000
587,6.375024819828
588,0.000000000000
589,0.000000000000
590,-0.000000000000
591,0.000000000000
592,0.000000000000
593,6.385194398998
594,-0.000000000000
595,0.000000000000
596,0.000000000000
597,0.000000000000
598,-0.000000000000
599,6.395261598115
600,0.000000000000
601,6.398594934535
602,0.000000000000
603,0.000000000000
604,0.000000000000
605,0.000000000000
606,0.000000000000
607,6.408528791059
608,0.000000000000
609,0.000000000000
610,0.000000000000
611,0.000000000000
612,0.000000000000
613,6.418364935936
614,0.000000000000
615,0.000000000000
616,0.000000000000
617,6.424869023905
618,0.000000000000
619,6.428105272685
620,0.000000000000
621,0.000000000000
622,0.000000000000
623,0.000000000000
624,0.000000000000
625,1.609437912434
626,0.000000000000
627,0.000000000000
628,0.000000000000
629,0.000000000000
630,0.000000000000
631,6.447305862541
632,0.000000000000
633,-0.000000000000
634,0.000000000000
635,0.000000000000
636,0.000000000000
637,0.000000000000
638,0.000000000000
639,0.000000000000
640,0.000000000000
641,6.463029456921
642,0.000000000000
643,6.466144724238
644,0.000000000000
645,0.000000000000
646,0.000000000000
647,6.472346294501
648,0.000000000000
649,0.000000000000
650,0.000000000000
651,-0.000000000000
652,0.000000000000
653,6.481577129276
654,0.000000000000
655,0.000000000000
656,-0.000000000000
657,-0.000000000000
658,0.000000000000
659,6.490723534503
660,0.000000000000
661,6.493753839852
662,0.000000000000
663,0.000000000000
664,0.000000000000
665,0.000000000000
666,0.000000000000
667,-0.000000000000
668,-0.000000000000
669,0.000000000000
670,0.000000000000
671,0.000000000000
672,0.000000000000
673,6.511745329645
674,0.000000000000
675,-0.000000000000
676,0.000000000000
677,6.517671272912
678,0.000000000000
679,0.000000000000
680,-0.000000000000
681,-0.000000000000
682,0.000000000000
683,6.526494859571
684,0.000000000000
685,0.000000000000
686,-0.000000000000
687,-0.000000000000
688,0.000000000000
689,0.000000000000
690,-0.000000000000
691,6.538139823768
692,-0.000000000000
693,0.000000000000
694,0.000000000000
695,0.000000000000
696,0.000000000000
697,0.000000000000
698,0.000000000000
699,0.000000000000
700,-0.000000000000
701,6.552507887035
702,0.000000000000
703,0.000000000000
704,0.000000000000
705,0.000000000000
706,0.000000000000
707,0.000000000000
708,0.000000000000
709,6.563855526532
710,0.000000000000
711,0.000000000000
712,0.000000000000
713,0.000000000000
714,0.000000000000
715,-0.000000000000
716,0.000000000000
717,-0.000000000000
718,0.000000000000
719,6.577861357721
720,0.000000000000
721,0.000000000000
722,0.000000000000
723,0.000000000000
724,-0.000000000000
725,0.000000000000
726,0.000000000000
727,6.588926477534
728,-0.000000000000
729,1.098612288668
730,0.000000000000
731,-0.000000000000
732,0.000000000000
733,6.597145701887
734,-0.000000000000
735,-0.000000000000
736,0.000000000000
737,0.000000000000
738,0.000000000000
739,6.605297920948
740,0.000000000000
741,-0.000000000000
742,0.000000000000
743,6.610696044718
744,-0.000000000000
745,0.000000000000
746,-0.000000000000
747,0.000000000000
748,0.000000000000
749,0.000000000000
750,0.000000000000
751,6.621405651764
752,0.000000000000
753,0.000000000000
754,0.000000000000
755,0.000000000000
756,0.000000000000
757,6.629363253437
758,0.000000000000
759,0.000000000000
760,0.000000000000
761,6.634633357862
762,0.000000000000
763,0.000000000000
764,0.000000000000
765,0.000000000000
766,0.000000000000
767,-0.000000000000
768,0.000000000000
769,6.645090969506
770,-0.000000000000
771,-0.000000000000
772,0.000000000000
773,6.650279048587
774,0.000000000000
775,0.000000000000
776,0.000000000000
777,0.000000000000
778,0.000000000000
779,0.000000000000
780,0.000000000000
781,0.000000000000
782,0.000000000000
783,-0.000000000000
784,0.000000000000
785,0.000000000000
786,0.000000000000
787,6.668228248417
788,0.000000000000
789,-0.000000000000
790,0.000000000000
791,0.000000000000
792,-0.000000000000
793,-0.000000000000
794,0.000000000000
795,0.000000000000
796,0.000000000000
797,6.680854678790
798,-0.000000000000
799,0.000000000000
800,0.000000000000
801,0.000000000000
802,0.000000000000
803,0.000000000000
804,0.000000000000
805,0.000000000000
806,0.000000000000
807,0.000000000000
808,0.000000000000
809,6.695798917058
810,0.000000000000
811,6.698268054115
812,0.000000000000
813,-0.000000000000
814,-0.000000000000
815,0.000000000000
816,0.000000000000
817,0.000000000000
818,-0.000000000000
819,0.000000000000
820,-0.000000000000
821,6.710523109452
822,0.000000000000
823,6.712956200677
824,0.000000000000
825,0.000000000000
826,0.000000000000
827,6.717804695024
828,0.000000000000
829,6.720220155135
830,0.000000000000
831,0.000000000000
832,0.000000000000
833,0.000000000000
834,0.000000000000
835,-0.000000000000
836,0.000000000000
837,0.000000000000
838,0.000000000000
839,6.732210706467
840,0.000000000000
841,3.367295829986
842,0.000000000000
843,0.000000000000
844,0.000000000000
845,0.000000000000
846,0.000000000000
847,0.000000000000
848,0.000000000000
849,0.000000000000
850,0.000000000000
851,0.000000000000
852,-0.000000000000
853,6.748759547492
854,0.000000000000
855,0.000000000000
856,0.000000000000
857,6.753437918598
858,0.000000000000
859,6.755768921984
860,0.000000000000
861,0.000000000000
862,0.000000000000
863,6.760414691083
864,-0.000000000000
865,-0.000000000000
866,0.000000000000
867,0.000000000000
868,0.000000000000
869,0.000000000000
870,0.000000000000
871,0.000000000000
872,0.000000000000
873,-0.000000000000
874,0.000000000000
875,-0.000000000000
876,0.000000000000
877,6.776506992372
878,0.000000000000
879,-0.000000000000
880,0.000000000000
881,6.781057625936
882,0.000000000000
883,6.783325200604
884,0.000000000000
885,0.000000000000
886,0.000000000000
887,6.787844982310
888,0.000000000000
889,0.000000000000
890,0.000000000000
891,-0.000000000000
892,0.000000000000
893,0.000000000000
894,-0.000000000000
895,0.000000000000
896,0.000000000000
897,-0.000000000000
898,0.000000000000
899,0.000000000000
900,-0.000000000000
901,0.000000000000
902,0.000000000000
903,0.000000000000
904,-0.000000000000
905,-0.000000000000
906,0.000000000000
907,6.810142450115
908,0.000000000000
909,0.000000000000
910,0.000000000000
911,6.814542897260
912,-0.000000000000
913,-0.000000000000
914,-0.000000000000
915,0.000000000000
916,-0.000000000000
917,0.000000000000
918,0.000000000000
919,6.823286122356
920,0.000000000000
921,0.000000000000
922,0.000000000000
923,-0.000000000000
924,0.000000000000
925,0.000000000000
926,0.000000000000
927,-0.000000000000
928,0.000000000000
929,6.834108738814
930,0.000000000000
931,0.000000000000
932,0.000000000000
933,0.000000000000
934,0.000000000000
935,0.000000000000
936,-0.000000000000
937,6.842683282238
938,0.000000000000
939,0.000000000000
940,0.000000000000
941,6.846943139585
942,0.000000000000
943,0.000000000000
944,0.000000000000
945,0.000000000000
946,0.000000000000
947,6.853299093186
948,-0.000000000000
949,0.000000000000
950,0.000000000000
951,0.000000000000
952,-0.000000000000
953,6.859614903654
954,0.000000000000
955,0.000000000000
956,-0.000000000000
957,0.000000000000
958,0.000000000000
959,0.000000000000
960,0.000000000000
961,3.433987204485
962,-0.000000000000
963,0.000000000000
964,0.000000000000
965,0.000000000000
966,-0.000000000000
967,6.874198495453
968,-0.000000000000
969,0.000000000000
970,0.000000000000
971,6.878326468291
972,0.000000000000
973,0.000000000000
974,0.000000000000
975,0.000000000000
976,-0.000000000000
977,6.884486652043
978,0.000000000000
979,0.000000000000
980,0.000000000000
981,0.000000000000
982,0.000000000000
983,6.890609120147
984,-0.000000000000
985,0.000000000000
986,0.000000000000
987,0.000000000000
988,0.000000000000
989,0.000000000000
990,-0.000000000000
991,6.898714534330
992,-0.000000000000
993,0.000000000000
994,0.000000000000
995,0.000000000000
996,0.000000000000
997,6.904750769962
998,0.000000000000
999,0.000000000000
1000,0.000000000000
